mode,case_count,pass_rate,revision_success_rate,condition_preservation_rate,correction_retention_rate,unsupported_certainty_rate,project_local_precedence_rate,average_confidence
direct_answer,30,0.16666666666666666,0.0,0.0,0.0,0.03333333333333333,0.0,0.88
mindstate_only,30,0.3333333333333333,0.0,0.6666666666666666,0.0,0.03333333333333333,0.0,0.8216666666666667
mindstate_mirror,30,0.5666666666666667,0.3333333333333333,0.6666666666666666,0.0,0.03333333333333333,0.0,0.578
mindstate_mirror_local_memory,30,0.7,0.43333333333333335,0.6,0.13333333333333333,0.03333333333333333,0.13333333333333333,0.5746666666666667
mindstate_mirror_dual_memory,30,0.7,0.4666666666666667,0.6,0.13333333333333333,0.03333333333333333,0.13333333333333333,0.5626666666666666
